[{"pk": 1, "model": "bookings.booking", "fields": {"booking_date": "2014-03-05T14:33:31.226Z", "modification_date": "2014-03-05T14:33:31.226Z", "activity_date": "2014-03-18T15:33:25Z", "paid": "2014-03-05T15:33:28Z", "amount": 600, "user": 2, "activity": 2}}, {"pk": 2, "model": "bookings.booking", "fields": {"booking_date": "2014-03-05T14:34:00.614Z", "modification_date": "2014-03-05T14:34:00.614Z", "activity_date": "2014-03-17T15:33:56Z", "paid": "2014-03-05T15:33:58Z", "amount": 500, "user": 2, "activity": 1}}, {"pk": 3, "model": "bookings.booking", "fields": {"booking_date": "2014-03-05T14:34:39.045Z", "modification_date": "2014-03-05T14:34:39.045Z", "activity_date": "2014-03-21T15:34:15Z", "paid": "2014-03-05T15:34:17Z", "amount": 300, "user": 2, "activity": 3}}, {"pk": 4, "model": "bookings.booking", "fields": {"booking_date": "2014-03-07T13:19:12.225Z", "modification_date": "2014-03-07T13:19:12.225Z", "activity_date": "2014-04-23T10:00:00Z", "paid": null, "amount": 8, "user": 2, "activity": 2}}, {"pk": 6, "model": "bookings.booking", "fields": {"booking_date": "2014-03-08T15:18:00.824Z", "modification_date": "2014-03-08T15:18:00.824Z", "activity_date": "2014-03-11T00:00:00Z", "paid": null, "amount": 0, "user": 2, "activity": 2}}, {"pk": 8, "model": "bookings.booking", "fields": {"booking_date": "2014-03-08T15:34:32.658Z", "modification_date": "2014-03-08T15:35:16.069Z", "activity_date": "2014-03-11T00:00:00Z", "paid": null, "amount": 18000, "user": 4, "activity": 6}}, {"pk": 9, "model": "bookings.booking", "fields": {"booking_date": "2014-03-08T15:35:54.028Z", "modification_date": "2014-03-08T15:35:54.028Z", "activity_date": "2014-03-11T00:00:00Z", "paid": null, "amount": 2, "user": 4, "activity": 1}}, {"pk": 10, "model": "bookings.booking", "fields": {"booking_date": "2014-03-08T15:36:15.200Z", "modification_date": "2014-03-08T15:36:33.452Z", "activity_date": "2014-03-12T00:00:00Z", "paid": null, "amount": 55600, "user": 3, "activity": 5}}, {"pk": 11, "model": "bookings.booking", "fields": {"booking_date": "2014-03-08T15:39:17.222Z", "modification_date": "2014-03-08T15:39:17.222Z", "activity_date": "2014-03-31T00:00:00Z", "paid": null, "amount": 8, "user": 3, "activity": 3}}, {"pk": 12, "model": "bookings.booking", "fields": {"booking_date": "2014-03-08T15:42:34.135Z", "modification_date": "2014-03-08T15:42:34.136Z", "activity_date": "2014-03-18T00:00:00Z", "paid": null, "amount": 1, "user": 2, "activity": 6}}, {"pk": 13, "model": "bookings.booking", "fields": {"booking_date": "2014-03-08T15:46:15.767Z", "modification_date": "2014-03-08T15:46:15.767Z", "activity_date": "2014-03-03T00:00:00Z", "paid": null, "amount": 8, "user": 1, "activity": 3}}, {"pk": 14, "model": "bookings.booking", "fields": {"booking_date": "2014-03-08T15:47:19.235Z", "modification_date": "2014-03-08T15:47:25.929Z", "activity_date": "4001-11-11T00:00:00Z", "paid": null, "amount": 1600000, "user": 1, "activity": 6}}, {"pk": 15, "model": "bookings.booking", "fields": {"booking_date": "2014-03-08T15:47:43.624Z", "modification_date": "2014-03-08T15:47:43.624Z", "activity_date": "2014-06-12T00:00:00Z", "paid": null, "amount": 1, "user": 3, "activity": 6}}, {"pk": 16, "model": "bookings.booking", "fields": {"booking_date": "2014-03-08T15:50:20.542Z", "modification_date": "2014-03-08T15:50:20.542Z", "activity_date": "2014-03-05T00:00:00Z", "paid": null, "amount": 3, "user": 3, "activity": 2}}, {"pk": 17, "model": "bookings.booking", "fields": {"booking_date": "2014-03-08T15:52:28.921Z", "modification_date": "2014-03-08T15:52:28.921Z", "activity_date": "2014-03-04T00:00:00Z", "paid": null, "amount": 0, "user": 3, "activity": 4}}, {"pk": 3, "model": "bookings.bookingoption", "fields": {"feature_option": 15, "booking": 2}}, {"pk": 4, "model": "bookings.bookingoption", "fields": {"feature_option": 10, "booking": 2}}, {"pk": 5, "model": "bookings.bookingoption", "fields": {"feature_option": 2, "booking": 2}}, {"pk": 6, "model": "bookings.bookingoption", "fields": {"feature_option": 22, "booking": 3}}, {"pk": 7, "model": "bookings.bookingoption", "fields": {"feature_option": 30, "booking": 3}}, {"pk": 8, "model": "bookings.bookingoption", "fields": {"feature_option": 34, "booking": 3}}, {"pk": 13, "model": "bookings.bookingoption", "fields": {"feature_option": 7, "booking": 1}}, {"pk": 14, "model": "bookings.bookingoption", "fields": {"feature_option": 20, "booking": 1}}, {"pk": 15, "model": "bookings.bookingoption", "fields": {"feature_option": 8, "booking": 6}}, {"pk": 16, "model": "bookings.bookingoption", "fields": {"feature_option": 21, "booking": 6}}, {"pk": 17, "model": "bookings.bookingoption", "fields": {"feature_option": 15, "booking": 9}}, {"pk": 18, "model": "bookings.bookingoption", "fields": {"feature_option": 4, "booking": 9}}, {"pk": 19, "model": "bookings.bookingoption", "fields": {"feature_option": 10, "booking": 9}}, {"pk": 23, "model": "bookings.bookingoption", "fields": {"feature_option": 32, "booking": 11}}, {"pk": 24, "model": "bookings.bookingoption", "fields": {"feature_option": 29, "booking": 11}}, {"pk": 25, "model": "bookings.bookingoption", "fields": {"feature_option": 23, "booking": 11}}, {"pk": 26, "model": "bookings.bookingoption", "fields": {"feature_option": 33, "booking": 13}}, {"pk": 27, "model": "bookings.bookingoption", "fields": {"feature_option": 26, "booking": 13}}, {"pk": 28, "model": "bookings.bookingoption", "fields": {"feature_option": 23, "booking": 13}}, {"pk": 29, "model": "bookings.bookingoption", "fields": {"feature_option": 41, "booking": 14}}, {"pk": 30, "model": "bookings.bookingoption", "fields": {"feature_option": 39, "booking": 14}}, {"pk": 31, "model": "bookings.bookingoption", "fields": {"feature_option": 35, "booking": 14}}, {"pk": 32, "model": "bookings.bookingoption", "fields": {"feature_option": 41, "booking": 15}}, {"pk": 33, "model": "bookings.bookingoption", "fields": {"feature_option": 40, "booking": 15}}, {"pk": 34, "model": "bookings.bookingoption", "fields": {"feature_option": 38, "booking": 15}}, {"pk": 35, "model": "bookings.bookingoption", "fields": {"feature_option": 8, "booking": 16}}, {"pk": 36, "model": "bookings.bookingoption", "fields": {"feature_option": 21, "booking": 16}}, {"pk": 37, "model": "bookings.bookingoption", "fields": {"feature_option": 47, "booking": 17}}, {"pk": 38, "model": "bookings.bookingoption", "fields": {"feature_option": 44, "booking": 17}}, {"pk": 1, "model": "bookings.people", "fields": {"label": "Student", "youth": 0, "adult": 0, "student": 1, "child": 0, "senior": 0, "booking": 1}}, {"pk": 2, "model": "bookings.people", "fields": {"label": "test2", "youth": 0, "adult": 1, "student": 0, "child": 0, "senior": 0, "booking": 2}}, {"pk": 3, "model": "bookings.people", "fields": {"label": "test3", "youth": 3, "adult": 5, "student": 1, "child": 2, "senior": 5, "booking": 3}}, {"pk": 4, "model": "bookings.people", "fields": {"label": "Hyra Sportbil", "youth": 0, "adult": 0, "student": 0, "child": 0, "senior": 8, "booking": 4}}, {"pk": 6, "model": "bookings.people", "fields": {"label": "Hyra Sportbil", "youth": 0, "adult": 0, "student": 0, "child": 0, "senior": 0, "booking": 6}}, {"pk": 9, "model": "bookings.people", "fields": {"label": "Flyboard", "youth": 0, "adult": 0, "student": 0, "child": 0, "senior": 0, "booking": 8}}, {"pk": 11, "model": "bookings.people", "fields": {"label": "Flyboard", "youth": 0, "adult": 0, "student": 0, "child": 90, "senior": 0, "booking": 8}}, {"pk": 12, "model": "bookings.people", "fields": {"label": "Fallsk\u00e4rm", "youth": 0, "adult": 2, "student": 0, "child": 0, "senior": 0, "booking": 9}}, {"pk": 13, "model": "bookings.people", "fields": {"label": "Spa & Relax", "youth": 0, "adult": 2, "student": 0, "child": 0, "senior": 8, "booking": 10}}, {"pk": 14, "model": "bookings.people", "fields": {"label": "Spa & Relax", "youth": 0, "adult": 2, "student": 0, "child": 0, "senior": 7500, "booking": 10}}, {"pk": 15, "model": "bookings.people", "fields": {"label": "Spa & Relax", "youth": 0, "adult": 2, "student": 0, "child": 0, "senior": 90, "booking": 10}}, {"pk": 16, "model": "bookings.people", "fields": {"label": "Bungee Jump", "youth": 0, "adult": 0, "student": 0, "child": 0, "senior": 8, "booking": 11}}, {"pk": 17, "model": "bookings.people", "fields": {"label": "Flyboard", "youth": 0, "adult": 0, "student": 1, "child": 0, "senior": 0, "booking": 12}}, {"pk": 18, "model": "bookings.people", "fields": {"label": "Bungee Jump", "youth": 0, "adult": 0, "student": 0, "child": 0, "senior": 8, "booking": 13}}, {"pk": 19, "model": "bookings.people", "fields": {"label": "Flyboard", "youth": 0, "adult": 0, "student": 0, "child": 8, "senior": 0, "booking": 14}}, {"pk": 20, "model": "bookings.people", "fields": {"label": "Flyboard", "youth": 0, "adult": 0, "student": 0, "child": 8000, "senior": 0, "booking": 14}}, {"pk": 21, "model": "bookings.people", "fields": {"label": "Flyboard", "youth": 0, "adult": 0, "student": 1, "child": 0, "senior": 0, "booking": 15}}, {"pk": 22, "model": "bookings.people", "fields": {"label": "Hyra Sportbil", "youth": 0, "adult": 3, "student": 0, "child": 0, "senior": 0, "booking": 16}}, {"pk": 23, "model": "bookings.people", "fields": {"label": "Mysig middag", "youth": 0, "adult": 0, "student": 0, "child": 0, "senior": 0, "booking": 17}}]